Ticker;Name
FOXA;21st Century Fox
ME;23andMe Holding Co
TWOU;2U
MMM;3M
ABT;Abbott Labs
ABBV;AbbVie
ANF;Abercrombie & Fitch
ACN;Accenture PLC
ACEV;ACE Convergence Acquisition Corp
ATVI;Activision Blizzard
ADBE;Adobe
AAP;Advance Auto Parts
AMD;Advanced Micro Devices
AFRM;Affirm Holdings
AFL;Aflac
A;Agilent Technologies
AGL;Agilon Health
AGNC;AGNC Investment
AIG;AIG
AL;Air Lease Corporation
APD;Air Products and Chemicals
ABNB;Airbnb Inc
AJAX;Ajax I
AKAM;Akamai Technologies
ALB;Albemarle Corporation
AA;Alcoa
BABA;Alibaba
ALIT;Alight
ALGN;Align Technology
ALLT;Allot Communications
MDRX;Allscripts Healthcare Solutions
ALL;Allstate
ALLY;Ally Financial
GOOGL;Alphabet (Class A)
GOOG;Alphabet (Class C)
AYX;Alteryx
ATUS;Altice USA
MO;Altria
AMZN;Amazon
ABEV;Ambev
AMC;AMC
AMRC;Ameresco
AAL;American Airlines
AXL;American Axle & Manufacturing
AEO;American Eagle Outfitters
AEP;American Electric Power
AXP;American Express
AMH;American Homes 4 Rent
AMT;American Tower
COLD;Americold Realty Trust
AME;Ametek
AMGN;Amgen
FOLD;Amicus Therapeutics
AMRX;Amneal Pharmaceuticals
APH;Amphenol
ADI;Analog Devices
PLAN;Anaplan
ANGI;ANGI Homeservices
AU;AngloGold Ashanti
BUD;Anheuser Busch Inbev NV
NLY;Annaly Capital Management
ANSS;Ansys
AM;Antero Midstream Partners LP
AR;Antero Resources Corporation
ANTM;Anthem
AOS;AO Smith
APA;Apache
ARI;Apollo Commercial Real Estate Finance
APSG;Apollo Strategic Growth Capital
APPN;Appian Corporation
AAPL;Apple
AMAT;Applied Materials
APP;AppLovin Corp
ATR;AptarGroup
ARMK;Aramark
ADM;Archer-Daniels-Midland
ARNC;Arconic
ARCT;Arcturus Therapeutics Holdings Inc
ARCC;Ares Capital
ANET;Arista Networks
ARR;ARMOUR Residential
ARVL;Arrival Group
ASAN;Asana Inc
ASML;ASML Holding
AZN;AstraZeneca PLC
T;AT&T
ATIP;ATI Physical Therapy
AY;Atlantica Sustainable Infrastructure
ACIC;Atlas Crest Investment Corp
TEAM;Atlassian Corporation Plc
ADSK;Autodesk
ATHM;Autohome
ADP;Automatic Data Processing
AZO;AutoZone
AVLR;Avalara
AVB;AvalonBay Communities
AVPT;AvePoint
EQH;AXA Equitable Holdings
AXTA;Axalta Coating Systems
AXON;Axon Enterprise Inc
BTG;B2Gold Corporation
BIDU;Baidu
BKR;Baker Hughes
BLL;Ball Corporation
BLDP;Ballard Power Systems
BBD;Banco Bradesco S.A. – Preferred Shares
BMA;Banco Macro
BSBR;Banco Santander (Brasil)
BAC;Bank of America
BZUN;Baozun Inc
BCS;Barclays PLC
GOLD;Barrick Gold
BHC;Bausch Health Companies
BAX;Baxter
BBAR;BBVA Banco Francés
BDX;Becton Dickinson
BDC;Belden
BRK.B;Berkshire Hathaway
BBY;Best Buy
BYND;Beyond Meat
BHP;BHP Billiton
BILI;Bilibili
BIO;Bio-Rad Laboratories
BIIB;Biogen
BMRN;Biomarin Pharmaceutical
BNTX;BioNTech SE
BJ;BJ’s Wholesale Club Holdings
BB;BlackBerry
BLK;BlackRock
BX;Blackstone
BK;BNY Mellon
BA;Boeing
BKNG;Booking
BAH;Booz Allen Hamilton
BWA;BorgWarner
BSX;Boston Scientific
BOX;Box
BP;BP plc
BRFS;BRF
BMY;Bristol-Myers Squibb
BRX;Brixmor Property Group
AVGO;Broadcom
BAM;Brookfield Asset Management Inc.
BAMR;Brookfield Asset Management Reinsurance Partners Inc.
BIPC;Brookfield Infrastructure Corp
BIP;Brookfield Infrastructure Partners
BEPC;Brookfield Renewable Corporation
BEP;Brookfield Renewable Partners
BF.B;Brown Forman
BTWN;BTWN
BMBL;Bumble Inc.
BG;Bunge
BTAQ;Burgundy Technology Acquisition Corp
AI;C3.ai Inc
CABO;Cable One
COG;Cabot Oil & Gas Corporation
CDNS;Cadence Design Systems
CZR;Caesars Entertainment Inc.
CSIQ;Canadian Solar
CANO;Cano Health
CAJ;Canon
GOEV;Canoo
CGC;Canopy Growth Corporation
COF;Capital One
CAH;Cardinal Health
CG;Carlyle Group
CCL;Carnival
CARR;Carrier Global Corp
CARS;Cars.com
CVNA;Carvana Co.
CAT;Caterpillar
CBOE;CBOE Holdings
CBRE;CBRE Group
PRPB;CC Neuberger Principal Holdings II
CX;CEMEX, S.A.B. de C.V.
CVE;Cenovus Energy Inc
CNC;Centene
CNP;CenterPoint Energy
CERN;Cerner
CF;CF Industries Holdings
CHPT;ChargePoint Holdings
SCHW;Charles Schwab
CHTR;Charter Communications
CHKP;Check Point Software Technologies
CHGG;Chegg
SQM;Chemical & Mining Co. of Chile
CC;Chemours Company, The
LNG;Cheniere Energy
CHKAQ;Chesapeake Energy
CVX;Chevron
CHWY;Chewy
CHS;Chico’s FAS
CIM;Chimera Investment
CHL;China Mobile
ZNH;China Southern Airlines
CMG;Chipotle Mexican Grill
CIEN;Ciena Corporation
CI;Cigna
XEC;Cimarex Energy
CTAS;Cintas
CSCO;Cisco
C;Citigroup
CFG;Citizens Financial Group
CTXS;Citrix Systems
CLNE;Clean Energy Fuels
CWEN;Clearway Energy
CLF;Cleveland-Cliffs Inc.
CLDR;Cloudera
NET;Cloudflare
CLVS;Clovis Oncology
CME;CME Group (Class A)
CNX;CNX Resources
KO;Coca-Cola
CDE;Coeur Mining
CGNX;Cognex Corporation
CTSH;Cognizant Technology Solutions
CRHC;Cohn Robbins Holdings Corp
COIN;Coinbase
CL;Colgate-Palmolive
CMCSA;Comcast
CMA;Comerica
COMM;CommScope Holding Company
CYH;Community Health Systems
SBS;Companhia de Saneamento Basico
CIG;Companhia Energética de Minas Gerais
SID;Companhia Siderurgica Nacional
BVN;Compañía de Minas Buenaventura
COMP;Compass
CAG;ConAgra Foods
CNDT;Conduent
COP;ConocoPhillips
ED;Consolidated Edison
STZ;Constellation Brands
WISH;ContextLogic
CLR;Continental Resources
CONX;Conx Corp
GLW;Corning
CRSR;Corsair Gaming
CTVA;Corteva
CSGP;CoStar Group
COST;Costco Wholesale
COTY;Coty
CPNG;Coupang
COUR;Coursera
CVA;Covanta Holding Corp
BAP;Credicorp
CRSP;CRISPR Therapeutics AG
CROX;Crocs
CRWD;CrowdStrike
CCI;Crown Castle
CSX;CSX
CVS;CVS Health
CYXT;Cyxtera Technologies
DAN;Dana Holding
DHR;Danaher
DQ;Daqo New Energy Corp
DRI;Darden Restaurants
DAR;Darling Ingredients
DDOG;Datadog
MSP;Datto Holding Corp
DVA;DaVita HealthCare Partners
DELL;Dell Technologies
DAL;Delta Air Lines
DB;Deutsche Bank AG
DVN;Devon Energy
DXCM;DexCom Inc
DEO;Diageo
FANG;Diamondback Energy Inc
DIDI;DiDi Global Inc.
DLR;Digital Realty Trust
APPS;Digital Turbine
DBRG;DigitalBridge Group
DIN;Dine Brands Global Inc
DFS;Discover Financial Services
DISCA;Discovery Communications
DISCK;Discovery Communications
DISH;DISH Network
DHC;Diversified Healthcare Trust
DOCU;DocuSign
DG;Dollar General
DLTR;Dollar Tree
D;Dominion Energy
DPZ;Domino’s Pizza
DASH;DoorDash Inc
XPOA;DPCM Capital Inc.
DHI;DR Horton
DKNG;DraftKings Inc
DBX;Dropbox
DTM;DT Midstream Inc.
DTE;DTE Energy Co
DUK;Duke Energy
DRE;Duke Realty
DUOL;Duolingo
DD;DuPont
DXC;DXC Technology
ETAC;E.Merge Technology Acquisition Corp
EBAY;eBay
ECL;Ecolab
EIX;Edison International
EW;Edwards Lifesciences
ELAN;Elanco Animal Health
EGO;Eldorado Gold Corporation
ELMS;Electric Last Mile Solutions
EA;Electronic Arts
ESI;Element Solutions
LLY;Eli Lilly
ERJ;Embraer
EMR;Emerson
OVV;Encana Corporation
ET;Energy Transfer Equity
ENIA;Enersis Americas S.A. American
ENLC;EnLink Midstream LLC
ENPH;Enphase Energy Inc
ETR;Entergy Corp
EPD;Enterprise Products Partners
EOG;EOG Resources
EPAM;EPAM Systems
EQT;EQT Corporation
EFX;Equifax
EQIX;Equinix
EQNR;Equinor
ETRN;Equitrans Midstream
EQD;Equity Distribution Acquisition Corp
EQR;Equity Residential
EL;Estee Lauder
ETSY;Etsy
EB;Eventbrite
EVR;Evercore
EXAS;Exact Sciences Corporation
XGN;Exagen
EXEL;Exelixis
EXC;Exelon
EXPE;Expedia
XOM;Exxon Mobil
FFIV;F5 Networks
FB;Facebook
FDS;FactSet Research Systems
FAST;Fastenal Company
FSLY;Fastly
FDX;FedEx
RACE;Ferrari
FITB;Fifth Third Bancorp
FEYE;FireEye
FHN;First Horizon National Corporation
AG;First Majestic Silver Corp
FSLR;First Solar
FE;FirstEnergy
FMAC;FirstMark Horizon Acquisition Corp
FIS;FIS
FISV;Fiserv
FVE;Five Star Senior Living Inc
FVRR;Fiverr
FLT;FleetCor Technologies
FLEX;Flextronics International
FLR;Fluor Corporation
FL;Foot Locker
F;Ford
FTNT;Fortinet
FTV;Fortive
BEN;Franklin Resources
FCX;Freeport
FREQ;Frequency Therapeutics
FSK;FS KKR Capital
FUBO;fuboTV
FCEL;FuelCell Energy
FF;FutureFuel
GME;GameStop
GPS;GAP
IT;Gartner
GDS;GDS Holdings
GD;General Dynamics
GE;General Electric
GIS;General Mills
GM;General Motors
GNTX;Gentex
GNW;Genworth Financial
GGB;Gerdau S.A.
GILD;Gilead Sciences
GSK;GlaxoSmithKline plc
GNL;Global Net Lease
GMED;Globus Medical Inc
GDDY;GoDaddy
GOL;Gol Intelligent Airlines
GFI;Gold Fields
GS;Goldman Sachs
GT;Goodyear
GPRO;GoPro
GPK;Graphic Packaging Holding
GPRE;Green Plains
GO;Grocery Outlet Holding
GRPN;Groupon
GGAL;Grupo Financiero Galicia
BSMX;Grupo Financiero Santander Mexico
SUPV;Grupo Supervielle
TV;Grupo Televisa, S.A.B.
GSAH;GS Acquisition Holdings Corp II
GES;Guess
GPORQ;Gulfport Energy
HRB;H&R Block
HAL;Halliburton
HBI;Hanesbrands
HOG;Harley-Davidson
HMY;Harmony Gold Mining Company Limited
HIG;Hartford Financial Services Group
HAS;Hasbro
HCA;HCA Healthcare
HDB;HDFC Bank.
HAAC;Health Assurance Acquisition Corp
HL;Hecla Mining Co.
HEI;Heico
HSIC;Henry Schein
HLF;Herbalife
HTZGQ;Hertz
HES;Hess Corporation
HPE;Hewlett Packard
HLT;Hilton
HGV;Hilton Grand Vacations
HIMX;Himax Technologies
HFC;HollyFrontier
HOLX;Hologic
HD;Home Depot
HMC;Honda Motor
HON;Honeywell
HRL;Hormel Foods Corporation
HST;Host Hotels & Resorts
HWM;Howmet Aerospace
HPQ;HP
HSBC;HSBC
HTHT;Huazhu Group
HUBS;HubSpot
HUM;Humana
HBAN;Huntington Bancshares Incorporated
HUN;Huntsman Corporation
HCM;Hutchison China
HUYA;HUYA
H;Hyatt Hotels
HYZN;Hyzon Motors
IAG;Iamgold Corp
IBM;IBM
IBN;ICICI Bank
IDXX;IDEXX Laboratories
IGMS;IGM Biosciences
ITW;Illinois Tool Works
ILMN;Illumina
IMGN;ImmunoGen
INCY;Incyte
INDI;indie Semiconductor
INFN;Infinera Corporation
INFY;Infosys
IIPR;Innovative Industrial Properties
INO;Inovio Pharmaceuticals In
INTC;Intel
IBKR;Interactive Brokers
ICPT;Intercept Pharmaceuticals
ICE;Intercontinental Exchange
IHG;Intercontinental Hotels Group
IGT;International Game Technology
IP;International Paper Company
IPG;Interpublic Group of Companies
INTU;Intuit
ISRG;Intuitive Surgical
IVZ;Invesco
IVR;Invesco Mortgage Capital
ISBC;Investors Bancorp
NVTA;Invitae Corporation
INVH;Invitation Homes
IQ;iQIYI
IRBT;iRobot
IRM;Iron Mountain
IS;ironSource
ITUB;Itaú Unibanco
JBHT;J.B. Hunt
JNJ;J&J
JKHY;Jack Henry & Associates
JBI;Janus International Group
JAZZ;Jazz Pharmaceuticals
JD;JD.com
JEF;Jefferies Financial Group
JBLU;JetBlue Airways
FROG;JFrog Ltd
JKS;Jinkosolar Holding
DE;John Deere
JPM;JPMorgan
JMIA;Jumia
JNPR;Juniper Networks
GRUB;Just Eat Takeaway
KAR;KAR Auction Services
KPLT;Katapult Holdings
K;Kellogg’s
KDP;Keurig Dr Pepper
KEY;KeyCorp.
KEYS;Keysight Technologies
KMB;Kimberly-Clark
KIM;Kimco Realty Corporation
KMI;Kinder Morgan
KGC;Kinross Gold Corporation
KKR;KKR & Co
KNX;Knight-Swift Transportation Holdings
KSS;Kohl’s
KHC;Kraft Heinz
KTOS;Kratos
KR;Kroger Co
KT;KT
LB;L Brands
LRCX;Lam Research
LVS;Las Vegas Sands
LSCC;Lattice Semiconductor Corp
LDOS;Leidos Holdings
LMND;Lemonade
LEN;Lennar
LESL;Leslies Inc
LEVI;Levi Strauss & Co
LXRX;Lexicon Pharmaceuticals
LX;LexinFintech Holdings
LPL;LG Display
LI;Li Auto Inc.
FWONK;Liberty Media Group
LIN;Linde plc
LYV;Live Nation Entertainment
LTHM;Livent
LKQ;LKQ
LMT;Lockheed Martin
LOGI;Logitech International SA
LOMA;Loma Negra Compania Industrial Argentina SA
LOW;Lowe’s
LTC;LTC Properties
LCID;Lucid Group
LULU;Lululemon
LUMN;Lumen Technologies
LYFT;Lyft
M;Macy’s
MSGS;Madison Square Garden Sports Corp
MRO;Marathon Oil Corporation
MPC;Marathon Petroleum
MKL;Markel Corp.
MQ;Marqeta
MAR;Marriott
MMC;Marsh & McLennan
MRVL;Marvell Technology
MAS;Masco Corporation
MA;Mastercard
MTDR;Matador Resources
MTCH;Match Group
MAT;Mattel
MAXN;Maxeon Solar Technologies
MXIM;Maxim Integrated
MCFE;McAfee Corp
MCD;McDonald’s
MUX;McEwen Mining Inc
MPW;Medical Properties Trust
MDT;Medtronic
MLCO;Melco Crown Entertainment Limited
MELI;MercadoLibre
MRK;Merck
MET;Metlife
MTD;Mettler-Toledo International
MFA;MFA Financial
MTG;MGIC Investment
MGM;MGM Resorts
MCHP;Microchip Technology
MU;Micron Technology
MSFT;Microsoft
MFG;Mizuho Financial Group
MBT;Mobile TeleSystems PJSC
MRNA;Moderna
MOMO;Momo
MDLZ;Mondelez
MGI;MoneyGram
MDB;MongoDB
MNST;Monster
MCO;Moody’s
MS;Morgan Stanley
MORN;Morningstar
MOS;Mosaic Company, The
MSI;Motorola Solutions
MPLX;MPLX LP
MUFG;MUFJ Financial Group
MUR;Murphy Oil Corporation
NDAQ;Nasdaq OMX Group
NOV;National Oilwell Varco
NTCO;Natura Holding S.A.
NAVI;Navient Corporation
NKTR;Nektar Therapeutics
NPTN;NeoPhotonics
NTAP;NetApp
NTES;NetEase
NFLX;Netflix
NBIX;Neurocrine Biosciences
NBEV;New Age Beverage
EDU;New Oriental Education & Tech Group
NRZ;New Residential Investment
NYCB;New York Community Bancorp
NYMT;New York Mortgage Trust
NYT;New York Times
NWL;Newell Rubbermaid
NEM;Newmont Mining
NWSA;News Corporation
NEE;NextEra Energy
NICE;NICE Systems
NKE;Nike
NKLA;Nikola Corporation
NIO;NIO
NOAH;Noah Holdings Limited
NMR;Nomura
JWN;Nordstrom
NSC;Norfolk Southern Corporation
NTRS;Northern Trust Corporation
NOC;Northrop Grumman
NLOK;NortonLifeLock
NCLH;Norwegian Cruise Line Holdings
NVS;Novartis AG
NVAX;Novavax
NVO;Novo Nordisk
NVCR;NovoCure
NRG;NRG Energy
NUE;Nucor
NTNX;Nutanix
NUVA;NuVasive
NVDA;Nvidia
NVR;NVR
ORLY;O’Reilly Auto Parts
OTLY;Oatly
OXY;Occidental
ODP;Office Depot
OKTA;Okta
OLN;Olin
OMC;Omnicom Group
ON;ON Semiconductor
OKE;Oneok
OPK;Opko Health
OPFI;OppFi
ORCL;Oracle
OGN;Organon & Co.
ORGN;Origin Materials
ORA;Ormat Technologies
OSCR;Oscar Health Inc.
OTIS;Otis Worldwide Corp
OSTK;Overstock.com
OZON;Ozon
PG;P&G
PCAR;Paccar
PD;Pagerduty
PLTR;Palantir
PANW;Palo Alto Networks
PAM;Pampa Energia SA
PAAS;Pan American Silver Corp
PH;Parker-Hannifin
PTEN;Patterson-UTI Energy
PAYX;Paychex
PAYO;Payoneer Global
PYPL;PayPal
PBF;PBF Energy
PDCE;PDC Energy Inc
PTON;Peloton Interactive
PENN;Penn National Gaming Inc
PBCT;People’s United Financial
PEP;PepsiCo
PSTH;Pershing Square Tontine Holdings
PBR;Petroleo Brasileiro S.A.
PFE;Pfizer
PCG;PG&E Corporation
PM;Philip Morris
PSX;Phillips 66
PDD;Pinduoduo Inc
PINS;Pinterest
PXD;Pioneer Natural Resources
PBI;Pitney Bowes
PAA;Plains All American Pipeline
PLNT;Planet Fitness
PLUG;Plug Power
PNC;PNC Financial
POSH;Poshmark
PPG;PPG Industries
PPL;PPL Corporation
PBH;Prestige Brands
PRI;Primerica
PGR;Progressive
PLD;Prologis
PFPT;Proofpoint
PTRA;Proterra
PRU;Prudential Financial
PEG;Public Service Enterprise Group
PSA;Public Storage
PHM;PulteGroup
PSTG;Pure Storage
QTWO;Q2 Holdings
QCOM;Qualcomm
QLYS;Qualys
PWR;Quanta Services
QD;Qudian
QRTEA;Qurate Retail
RXT;Rackspace Technology
RL;Ralph Lauren
RRC;Range Resources Corporation
RTX;Raytheon Technologies Corporation
RLGY;Realogy Holdings
REAL;RealReal
O;Realty Income
RDFN;Redfin Corporation
REGN;Regeneron Pharmaceuticals
RF;Regions Financial
RTP;Reinvent Technology Partners
REGI;Renewable Energy Group
RSG;Republic Services
RMD;ResMed
QSR;Restaurant Brands International
RH;Restoration Hardware Holdings
RNG;RingCentral
RIO;Rio Tinto
RAD;Rite Aid
HOOD;Robinhood
RBLX;Roblox
RKT;Rocket Companies
ROK;Rockwell Automation
ROKU;Roku
ROOT;Root Inc
ROST;Ross Stores
RY;Royal Bank of Canada
RCL;Royal Caribbean Cruises
RDS.A;Royal Dutch Shell – Class A Shares
RES;RPC
SPGI;S&P
CRM;Salesforce
SBH;Sally Beauty
SGMO;Sangamo Therapeutics
SNY;Sanofi
SLB;Schlumberger
SE;Sea Limited
SEB;Seaboard Corp.
STX;Seagate Technology
SMFR;Sema4
SRE;Sempra Energy
NOW;ServiceNow
SHAK;Shake Shack
SHW;Sherwin-Williams
SHOP;Shopify
SBSW;Sibanye-Stillwater
SPG;Simon Property
SIRI;Sirius XM
SKX;Skechers
SKIL;Skillsoft Corp
SWKS;Skyworks Solutions
SLM;SLM Corporation
SM;SM Energy Company
SMAR;Smartsheet
SNAP;Snap
SNOW;Snowflake
IPOD;Social Capital Hedosophia Holdings Corp VI
IPOF;Social Capital Hedosophia Holdings Corp VI
SOFI;SoFi Technologies
SOGO;Sogou
SEDG;SolarEdge Technologies
SONY;Sony
SO;Southern Company
SCCO;Southern Copper
LUV;Southwest Airlines
SWN;Southwestern Energy
SAVE;Spirit Airlines
SPLK;Splunk
SPOT;Spotify
SFM;Sprouts Farmers Market
SQ;Square
SQSP;Squarespace
SSNC;SS&C Technologies Holdings
SRAC;Stable Road Acquisition Corp Class A
SWK;Stanley Black & Decker
SBUX;Starbucks
STT;State Street
STLD;Steel Dynamics
STLA;Stellantis
SFIX;Stitch Fix
STNE;StoneCo
SYK;Stryker
SMFG;Sumitomo Mitsui Financial Group
SUMO;Sumo Logic Inc
SU;Suncor Energy
NOVA;Sunnova Energy International
SPWR;SunPower
RUN;Sunrun
SSSS;Sutter Rock Capital
SYF;Synchrony Financial
SNPS;Synopsys
SYY;Sysco
TMUS;T-Mobile
TROW;T. Rowe Price
TTWO;T2 Interactive
TSM;Taiwan Semiconductor
TAK;Takeda Pharmaceutical
TAL;Tal Education Group
TALK;Talkspace
SKT;Tanger Factory Outlet Centers
TPR;Tapestry
TRGP;Targa Resources
TGT;Target
TTM;Tata Motors
FTI;TechnipFMC plc
TECK;Teck Resources
TDOC;Teladoc
TFX;Teleflex
VIV;Telefonica Brasil
TPX;Tempur Sealy
TME;Tencent Music Entertainment Group
TER;Teradyne
TSLA;Tesla
TEVA;Teva Pharmaceutical Industries
TXN;Texas Instruments
AES;The AES Corporation
CLX;The Clorox Company
DOW;The Dow Chemical Company
GEO;The GEO Group
BARK;The Original BARK Company
SMG;The Scotts Miracle-Gro Company
TMO;Thermo Fisher Scientific
TLRY;Tilray
TIMB;TIM SA
TJX;TJX Companies Inc
TD;Toronto-Dominion Bank
TTE;TotalEnergies SE
TM;Toyota
TPGY;TPG Pace Beneficial Finance Corp.
PACE;Tpg Pace Tech Opportunities Corp
TPIC;TPI Composites
TTD;Trade Desk
TW;Tradeweb Markets
TRXC;TransEnterix
TRV;Travelers
TCOM;Trip.com
TRIP;TripAdvisor
TGI;Triumph
TFC;Truist Financial Corp
TSP;TuSimple
TWCT;TWC Tech Holdings II Corp
TWLO;Twilio
TWTR;Twitter
TWO;Two Harbors Investment
TSN;Tyson Foods
UBER;Uber
UBS;UBS Group AG
PATH;UiPath
ULTA;Ulta Beauty
UCTT;Ultra Clean Holdings
UGP;Ultrapar Participações
UAA;Under Armour
UA;Under Armour (Class C)
UNP;Union Pacific
UAL;United Airlines
UMC;United Microelectronics
X;United States Steel
UNH;UnitedHealth
UNIT;Uniti Group
U;Unity Software
UNM;Unum Group
TIGR;UP Fintech
UPS;UPS
URBN;Urban Outfitters
USB;US Bancorp
SLCA;US Silica Holdings
VALE;Vale
VLO;Valero
VACQ;Vector Acquisition Corp.
VGR;Vector Group
VEEV;Veeva Systems
VTR;Ventas
VER;Vereit
VRSN;Verisign
VRSK;Verisk Analytics
VZ;Verizon
VRTX;Vertex Pharmaceuticals
VFC;VF Corporation
VIACA;ViacomCBS
VTRS;Viatris
VICI;VICI Properties
VIPS;Vipshop Holdings Limited
VIR;Vir Biotechnology Inc
SPCE;Virgin Galactic
V;Visa
VSCO;Victoria’s Secret
VST;Vistra Energy
VMW;VMware
VG;Vonage Holdings
VIH;VPC Impact Acquisition Holdings
VRM;Vroom Inc
WAB;WABTEC Corporation
WBA;Walgreens Boots
WMT;Walmart
DIS;Walt Disney
WCN;Waste Connections
WM;Waste Management
W;Wayfair
WB;Weibo
WFC;Wells Fargo
WELL;Welltower
WEN;Wendy’s Company
WDC;Western Digital
WU;Western Union
WRK;WestRock
WEX;WEX
WY;Weyerhaeuser Co.
WTM;White Mountains Insurance Group
WMB;Williams Companies
WING;Wingstop
WIT;Wipro
WIX;Wix.com Ltd
WDAY;Workday
WKHS;Workhorse Group Inc
WWE;World Wrestling Entertainment
WYNN;Wynn Resorts
XEL;Xcel Energy
XRX;Xerox
XLNX;Xilinx
XPEV;Xpeng
AUY;Yamana Gold
YETI;YETI Holdings Inc
YPF;YPF
YUM;Yum!
YUMC;Yum!
YY;YY
ZBRA;Zebra Technologies
ZEN;Zendesk
Z;Zillow Group
ZBH;Zimmer Biomet
ZION;Zions Bancorporation
ZIP;ZipRecruiter
ZTS;Zoetis
ZM;Zoom
ZS;Zscaler
ZTO;ZTO Express
ZNGA;Zynga
